,0
free,219
entry,26
wkly,14
comp,10
win,61
fa,4
cup,5
final,16
tkts,4
st,30
may,7
text,121
receive,33
questionstd,2
txt,151
ratetcs,2
apply,30
overs,2
freemsg,12
hey,5
there,11
darling,2
its,12
been,43
weeks,13
now,190
and,122
no,77
word,22
back,23
id,3
like,13
some,6
fun,9
you,287
up,21
for,204
it,28
still,7
tb,1
ok,5
xxx,12
std,9
chgs,1
send,67
rcv,4
winner,16
as,33
valued,11
network,25
customer,49
have,135
selected,25
receivea,2
prize,92
reward,10
claim,113
call,350
code,29
kl,2
valid,23
hours,6
only,84
had,18
your,263
mobile,124
months,6
or,188
more,30
u,155
r,23
entitled,8
update,19
latest,36
colour,17
mobiles,12
with,109
camera,33
co,5
on,144
six,3
chances,2
cash,62
from,129
pounds,17
csh,2
cost,23
pday,2
days,16
tsandcs,2
reply,101
hl,8
info,12
urgent,63
won,73
week,50
membership,2
our,85
jackpot,2
tc,21
wwwdbuknet,2
lccltd,2
pobox,30
ldnwarw,2
xxxmobilemovieclub,1
use,8
credit,9
click,5
wap,10
link,6
next,16
message,32
here,6
httpwap,1
xxxmobilemovieclubcomnqjkgighjjgcbl,1
england,9
v,5
macedonia,1
dont,22
miss,7
goalsteam,1
news,10
ur,144
national,12
team,3
eg,12
trywales,1
scotland,1
poboxoxwwq,1
thanks,14
subscription,4
ringtone,27
uk,15
will,44
be,52
charged,11
month,5
please,54
confirm,1
by,36
replying,6
yes,21
if,32
not,24
rodger,1
burns,1
msg,29
we,53
tried,17
re,9
sms,26
nokia,69
camcorder,15
delivery,21
tomorrow,10
ac,4
sptv,2
new,69
jersey,1
devils,1
detroit,1
red,1
wings,1
play,18
ice,1
hockey,1
correct,4
incorrect,1
end,16
congrats,10
year,6
special,11
cinema,3
pass,5
is,158
yours,15
c,23
suprman,3
matrix,3
starwars,3
etc,7
all,28
bxipwe,3
pm,10
out,56
i,54
am,14
pleased,3
advise,3
that,26
following,5
recent,3
review,4
of,97
mob,24
are,80
awarded,38
bonus,21
complimentary,12
trip,4
eurodisinc,2
trav,2
acoentry,2
dis,2
morefrmmob,2
shracomorsglsuplt,2
ls,2
aj,2
did,2
hear,3
about,7
divorce,1
barbie,1
comes,3
kens,1
stuff,1
service,55
representative,10
between,10
ampm,12
guaranteed,50
waiting,17
collected,2
simply,3
password,3
mix,3
verify,3
get,83
usher,2
britney,2
fml,2
gent,2
trying,15
contact,56
last,13
weekends,7
draw,38
shows,31
k,14
hrs,22
ppm,44
specially,9
holiday,32
flights,6
inc,8
speak,10
live,29
operator,15
pmin,26
private,18
account,19
statement,16
unredeemed,16
points,16
identifier,16
expires,17
was,9
caller,12
this,87
try,6
landline,32
boxwrc,1
todays,20
voda,5
numbers,9
ending,8
award,29
match,6
quoting,5
standard,6
rates,9
app,4
sunshine,8
quiz,13
q,4
top,16
sony,8
dvd,7
player,12
know,25
which,8
country,4
algarve,2
ansr,4
sptyrone,4
want,29
laid,3
tonight,2
real,13
dogging,11
locations,5
sent,10
direct,10
join,16
uks,10
largest,4
bt,5
txting,10
gravel,1
nt,1
eca,4
pmsgp,2
youll,1
any,25
msgs,6
chat,43
svc,1
hardcore,2
services,17
go,33
nothing,4
must,5
age,15
yr,13
again,3
why,12
havent,1
replied,1
my,11
im,13
randy,2
sexy,15
female,1
local,5
luv,5
netcollex,4
ltd,15
p,73
per,46
stop,116
annoncement,1
years,7
arrange,2
pls,11
bootydelious,1
f,10
inviting,6
her,12
friend,11
see,19
wwwsmsacubootydelious,1
frnd,6
bangbabes,1
order,14
way,1
should,7
download,3
content,14
do,23
goto,6
bangb,1
tv,6
internetservice,1
menu,1
s,23
freephone,8
unique,2
enough,2
find,23
th,5
august,2
wwwareyouuniquecouk,1
collect,22
todayfrom,2
wwwtcbiz,5
optout,13
gbpmtmsg,3
meet,6
dream,3
partner,5
soon,3
career,1
off,4
flyng,1
start,5
horo,2
followed,3
star,2
sign,2
e,7
g,11
aries,1
someone,14
today,16
can,29
date,9
even,6
flirt,4
just,77
name,17
sam,3
recdthirtyeight,1
pence,3
secret,10
admirer,10
who,49
looking,9
make,13
ufind,8
they,15
rreveal,8
thinks,10
so,26
specialcall,8
congratulations,14
cd,8
vouchers,20
gift,21
music,20
tncs,6
wwwldewcomwinppmxage,4
offer,25
video,29
handset,6
anytime,12
networks,2
mins,38
unlimited,10
really,1
horny,7
me,30
naked,1
hot,15
at,26
unsubscribe,18
has,30
changed,1
credits,9
clubmobilescom,1
choose,10
club,20
pwk,3
po,30
box,45
mk,1
wt,1
singles,5
chart,2
each,8
quality,2
charge,10
hmv,11
genuine,3
answer,8
easy,13
questions,6
infowwwpercentrealcom,3
tmobile,3
phone,46
upgrade,3
pay,1
sim,5
card,4
loyalty,7
ends,4
thfebtcs,1
blind,2
rodds,1
m,23
aberdeen,1
united,1
kingdom,1
check,4
him,2
httpimg,1
acwicmbcktzr,1
dates,2
hide,1
themob,3
newest,3
selection,5
games,16
tones,25
gossip,1
babes,2
sport,5
keep,6
fit,1
funky,1
think,4
smart,1
weekly,24
nowtcs,1
winnersclub,1
uz,3
gbpweek,3
december,5
mths,18
germany,3
minute,7
fixed,2
line,35
via,3
access,7
number,30
prepayment,2
valentines,3
day,20
over,13
take,14
lifetime,2
pmsg,16
rcvd,7
custcare,10
fancy,9
shag,1
dointerested,1
sextextukcom,1
xxuk,1
suzy,1
txts,13
website,1
x,12
cashbalance,7
currently,10
maximize,7
cashin,7
cc,6
hgsuitelands,8
rowwjhl,8
updatenow,2
xmas,15
motorola,11
sonyericsson,5
bluetooth,9
double,17
orange,26
mobileupd,16
calloptoutfq,1
discount,9
rp,1
further,3
messages,11
wwwregalportfoliocouk,1
reference,4
t,14
gbp,5
calling,6
available,3
phones,12
calloptoutndx,2
half,13
price,18
rental,12
mobilesdirect,3
orstoptxt,3
first,6
poly,18
true,3
tone,48
help,23
after,5
xpw,1
dating,16
boxskch,2
into,6
competition,3
wwwtxttowincouk,2
logo,4
lover,2
names,2
joined,2
heart,3
love,10
mobno,2
adam,2
eve,5
yahoo,2
poboxwwq,5
txtno,2
ads,2
contacted,5
entered,6
because,2
poboxntfp,1
land,18
calls,12
ave,3
vary,6
close,4
post,4
bcm,3
ldn,10
wcnxx,4
loan,4
purpose,4
homeowners,3
tenants,4
welcome,10
previously,3
refused,4
upgrdcentre,1
july,2
tcs,29
okmail,1
dear,16
dave,2
notice,3
tenerife,7
sae,21
cwwx,4
moan,1
nyt,2
activate,5
terms,8
conditions,4
visit,7
wwwcom,2
b,21
tcsstop,3
gb,7
ipod,12
mp,6
ibhltd,3
ldnwh,3
pmtmsgrcvd,3
boltblue,1
mono,3
cha,2
slide,1
yeah,1
slow,1
jamz,1
toxic,1
come,2
topped,1
httpwwwbubbletextcom,1
renewal,1
pin,1
tgxxrz,1
nd,20
attempt,22
boxqu,3
worth,13
savamob,13
member,5
offers,13
cs,14
sub,7
unsub,7
recieve,1
within,7
channel,2
teletext,1
pg,1
wwwapplausestorecom,1
monthlysubscriptionpmsg,1
maxmonth,1
tcsc,1
web,2
us,8
ring,4
claims,2
textand,1
chance,27
shopping,8
spree,7
shop,6
tscs,20
wwwtxtshopcom,2
xpwk,5
pound,7
before,5
lines,2
ag,2
promo,2
an,22
important,12
announcement,6
xclusiveclubsaisai,1
morow,1
soiree,1
speciale,1
zouk,1
nichols,1
parisfree,1
roses,1
ladies,2
kick,3
euro,8
kept,3
results,3
daily,4
removed,1
textbuddy,2
guys,6
area,8
search,2
postcode,3
gaytextbuddycom,2
one,8
vodafone,6
matches,8
voucher,16
holder,6
pc,6
httpwwwetlpcoukexpressoffer,2
texts,17
rstm,2
sw,2
ss,2
premium,2
sun,1
posts,1
helloyou,1
seem,1
cool,1
gr,7
every,33
wk,21
opt,13
hi,16
sue,2
old,2
work,3
lapdancer,1
sex,11
bedroom,1
textoperator,3
da,1
ppmsg,1
forwarded,4
immediately,5
fantastic,7
ngage,1
game,9
deck,1
wwwcnupdatescomnewsletter,1
alerts,1
uu,3
tcsbcmwcnxx,2
callcost,2
mobilesvary,2
max,3
email,2
alertfrom,1
jeri,1
stewartsize,1
kbsubject,1
lowcost,1
prescripiton,1
drvgsto,1
listen,2
offerthe,2
txtauction,4
tctxt,2
pmtmsg,2
subscribed,3
best,9
until,5
helpline,2
realize,1
well,7
thousands,1
running,1
around,2
tattoos,1
premier,2
romantic,1
paris,3
nights,2
book,5
unclaimed,1
closingdate,1
claimcode,1
mm,1
pmmorefrommobilebremovedmobypoboxlsyf,1
city,3
break,4
could,7
summer,8
store,8
skilgme,3
tscswinawkage,2
perwksub,2
ever,3
thought,1
living,1
good,12
life,3
perfect,1
community,2
psms,2
polyphonic,5
rate,20
toppoly,1
tune,1
subpoly,3
pole,1
thmarch,1
availa,1
muz,4
tell,16
mates,13
wwwgetzedcouk,9
wwq,6
normptone,6
cashto,2
getstop,2
php,3
rg,1
jx,1
either,10
were,4
outbid,1
simonwatson,1
shinco,1
plyr,1
bid,7
acsmsrewards,1
notifications,1
smsservices,1
yourinclusive,1
wwwcomuknet,5
login,5
qxj,4
extra,7
comuk,3
cm,4
ae,4
alfie,3
moons,3
children,3
need,10
song,3
ms,3
charity,9
nokias,3
polys,8
zed,6
profit,3
reveal,4
recd,3
cust,4
care,5
five,3
wed,1
voucherstext,1
nowsavamobmember,1
remove,4
ibiza,4
await,19
collection,26
sk,3
wp,3
talk,5
friends,5
fall,1
worlds,1
most,2
discreet,2
vip,4
yrs,7
supply,3
cds,5
virgin,1
records,5
mystery,1
wwwsmsconet,2
approx,1
xxxxxx,2
hello,3
posh,1
birds,1
chaps,1
user,8
trial,1
prods,1
champneys,1
put,1
down,1
address,4
dob,1
asap,6
ta,1
what,17
how,8
till,3
drop,2
travel,2
ntt,10
crbt,2
fixedline,2
liverpool,3
played,2
mid,2
stopsms,1
reminder,2
downloaded,1
already,1
paid,1
httpdoit,1
mymoby,1
lastest,1
stereophonics,1
marley,1
dizzee,1
racal,1
libertines,1
strokes,1
nookii,1
bookmark,1
january,1
male,3
sale,4
gay,6
cheaper,2
cheap,4
peak,2
money,4
lucky,8
million,1
give,7
away,4
pptxnormal,1
wtjy,1
matthew,1
lux,2
skxh,7
hp,1
yf,1
getting,4
touch,1
folks,1
company,2
enjoy,10
tcrw,3
filthy,2
stories,1
girls,5
validhrs,3
videophones,5
videochat,5
wid,5
java,5
dload,5
polyph,3
noline,5
rentl,5
panasonic,1
bluetoothhdset,1
doublemins,1
doubletxt,1
contract,4
guess,7
somebody,2
secretly,2
fancies,3
wan,14
na,10
dateboxessexcmxn,2
lshb,2
flirting,1
girl,5
bloke,1
zoe,1
chatting,2
kickoff,2
informed,2
eastenders,2
flower,2
does,3
dot,2
compare,2
herself,2
d,4
violet,2
tulip,2
lily,2
wkentp,2
lots,2
people,3
registered,4
wwwflirtpartyus,1
replys,1
asked,6
cant,5
revealed,5
wu,3
uve,7
invited,5
xchat,5
sipix,6
digital,8
mbp,2
warranty,2
subscriber,4
receipt,3
ans,6
when,12
elvis,1
presleys,1
birthday,1
information,8
o,6
log,7
onto,7
httpwwwurawinnercom,6
surprise,5
awaiting,8
bored,4
speed,1
speedchat,2
em,1
swap,1
chatter,1
rcd,1
taking,1
part,10
survey,1
yesterday,3
however,1
wish,2
wwwtxtcom,2
forget,2
place,5
many,3
requests,1
stchoicecouk,1
lets,5
other,4
hgsuitelandsrowwjhl,3
thank,1
notified,1
luck,6
future,4
marketing,1
virgins,1
ready,6
fil,2
sexual,1
theirs,1
cute,1
got,7
takes,4
wrc,2
rally,4
oz,2
lucozade,2
energy,3
le,2
packs,2
lucozadecoukwrc,2
itcould,2
pic,9
jordan,2
babe,8
then,10
celeb,3
pocketbabecouk,3
pics,12
voicemail,3
choice,3
enter,10
wwwldewcomsubswinppmx,2
delivered,4
door,1
exp,1
apr,1
nok,2
txtin,4
ptone,5
completely,1
accommodation,1
various,1
global,1
wwwphbcom,1
wwwtextcompcom,2
hungry,2
feeling,2
set,1
cum,5
moro,1
jane,1
xx,5
callsminmoremobsemspoboxpowa,2
biz,1
jamster,2
videosound,1
gold,1
videosounds,1
logosmusicnews,1
jamstercouk,1
lions,3
lionm,2
lionp,2
wwwringtonescouk,4
original,4
n,9
harry,4
potter,2
phoenix,2
among,2
readers,2
balance,2
question,4
sang,1
uptown,1
freeday,2
georges,2
jordantxt,2
saucy,3
fantasies,6
min,16
croydon,7
cr,7
wb,7
bears,2
nick,1
tom,1
pete,1
dick,1
fact,1
types,1
photo,3
upload,2
linerental,5
very,2
calloptoutlf,2
pmsgrcvdhgsuitelandsrowwjhl,4
wwwldewcom,2
winppmxage,1
arsenal,3
dartboard,1
condition,1
but,7
doubles,1
trebles,1
textpod,2
pod,4
wwwtextpodnet,2
optin,1
whats,1
bbc,1
charts,1
summers,1
finally,1
matched,1
claire,2
havin,1
borin,1
time,19
alone,3
nite,4
hope,4
bought,1
costing,2
offering,1
xxxxxxxxx,3
reach,5
latests,1
wordcollect,1
tcllc,1
nyusa,1
pmt,1
msgrcvd,2
lucy,2
hubby,1
meetins,1
fri,2
hotel,2
cumin,1
leave,2
callsminmobsmorelkpoboxhpfl,2
credited,1
wwwbiz,1
jsco,2
high,3
where,2
leadership,1
skills,1
strong,1
psychic,1
wquestion,1
vote,1
sing,2
along,1
stars,1
karaoke,1
brand,4
arrive,6
shortly,3
install,1
browse,1
artists,1
auction,16
plus,7
wwworangecoukow,1
olympics,1
rtking,1
pro,1
inforingtonekingcouk,1
redeemable,1
wwwringtonekingcouk,1
stay,3
british,2
hotels,2
london,4
bx,6
swss,2
eerie,5
rply,5
title,3
dracula,2
titles,3
ghost,2
addamsfa,2
munsters,2
exorcist,2
twilight,2
anetworks,1
allow,1
companies,1
bill,3
responsible,1
their,1
suppliers,1
freemsgfeelin,1
kinda,1
lnly,1
jst,1
cam,2
moby,4
pictxt,1
msgp,2
hlp,2
action,4
wwwmovietriviatv,2
rgent,1
lookin,1
daytime,1
wiv,2
busty,1
married,2
woman,1
sort,1
janinexx,1
monthly,1
mobsicom,1
four,1
digits,1
received,2
ringtoneget,2
freesend,2
weekstop,2
sorry,3
ordered,3
sufficient,1
hard,3
connect,2
biggest,3
vu,2
bcmwcnxx,2
wow,2
boys,2
tour,3
tickets,3
prebook,1
trackmarque,1
infovipclubu,1
mandy,1
sullivan,1
hotmix,1
fmyou,1
chosen,3
easter,1
drawplease,1
telephone,1
transferred,1
else,1
going,4
bahamas,4
callfreefone,2
cruise,2
conacted,1
youto,1
poboxntf,1
ibh,2
txtauctiontxt,2
wordstart,2
nowt,2
buy,3
space,2
invaders,2
orig,2
arcade,6
console,2
press,3
ocoukgames,2
settings,3
purchase,3
big,2
brother,1
alert,4
computer,5
cro,1
mr,2
foley,2
exciting,4
prizes,2
eye,2
wwwwincouk,2
hottest,1
straight,2
wet,2
wanting,1
costs,3
gga,2
hack,1
backdoor,1
rooms,1
fraction,1
neo,1
subscribe,1
dps,1
upto,2
xnet,1
minstxtmth,1
btooth,2
optoutdwv,1
btnationalrate,8
prizeto,1
would,4
nearly,1
banned,1
xxxxxxx,3
abta,3
extreme,1
dirty,1
office,1
right,3
total,1
privacy,1
knows,1
sic,1
listening,1
these,5
videopic,1
fones,1
wild,1
ill,1
hurry,1
prcvd,1
stopstop,1
details,8
rpl,1
cnl,1
tells,2
personal,2
prompts,2
careful,2
vpod,1
minded,1
yourself,1
theres,4
evening,1
minapn,1
lsbb,1
done,4
costa,7
del,9
sol,7
toclaim,6
stockport,6
costpm,6
maxmins,6
fifa,1
world,1
held,1
enjoyed,2
helpp,3
provided,3
tonesyoucouk,2
themobyo,1
yo,1
yohere,1
downloads,3
members,3
open,1
fone,5
great,11
freefone,4
starting,4
skillgamewinaweek,1
ageppermesssubscription,1
cast,1
aom,2
gbpmonth,1
boxm,1
er,1
ages,1
boxnqp,3
gender,2
wither,1
egf,1
men,2
egg,1
messagestext,1
nowuse,1
webmobile,1
txtcom,1
lawu,1
txtx,1
freeringtonereply,1
official,5
flag,9
yer,4
eng,4
wwx,4
subs,3
inclusive,5
ip,5
hols,2
med,3
stamped,2
self,2
envelope,2
drinks,2
bray,2
wicklow,2
eire,2
starts,4
saturday,7
wwwidewcom,2
skillgame,2
winaweek,2
ppermesssubscription,2
bu,1
wc,1
marsms,1
wwwbutelecom,1
buffy,1
satisfy,2
home,2
pix,3
qlynnbv,1
cross,3
ntwk,4
bundle,1
deals,1
also,3
avble,1
calloptoutj,1
mf,1
ref,4
ya,1
goten,1
bout,1
scammers,1
smartthough,1
regular,1
respond,1
prem,1
msgsubscription,1
nos,1
used,1
beware,1
morro,1
term,2
passion,1
dena,1
minmobsmorelkpoboxhpfl,1
splashmobile,1
subscrition,1
heard,3
while,3
rude,3
gettin,2
shagged,2
lost,2
oranges,2
weekend,6
upd,2
stoptx,1
mailbox,2
messaging,2
retrieve,2
pub,2
quizwin,2
street,2
duchess,2
cornwall,2
sp,3
arrow,1
tddnewsletteremccouk,1
thedailydraw,1
helen,1
dozens,1
prizeswith,1
nqp,1
freenokia,1
oroptouthvd,1
ringtones,5
restrictions,1
buddys,1
sir,1
spook,5
halloween,3
logopic,3
fantasy,5
football,2
sky,4
gamestar,2
active,2
scoring,2
register,2
nowsky,2
expired,1
resub,1
monoc,1
monos,1
polyc,1
stream,1
draws,1
town,3
adult,4
becausethey,1
wrg,1
baby,2
nasty,1
thing,1
filthyguys,1
bitch,1
slo,1
slomsgs,1
gotto,1
comukcm,1
ithis,1
created,1
page,1
wwwasjesuscom,1
read,1
wrote,1
opinions,1
wwwmusictrivianet,1
sppok,1
complementary,1
wa,2
px,1
sender,1
hol,1
hvae,1
aclpm,2
poboxtcrw,1
logos,1
infotxtcouk,1
mini,1
snap,1
quizclub,1
sprwm,1
ph,1
brought,2
gmw,1
connected,1
amazing,3
picsfree,2
vid,1
keyword,1
ten,1
tarot,1
horniest,1
follow,2
instructions,2
nytecalpmsgp,1
knock,2
whose,1
wwwtklscom,1
stoptxtstopweek,1
ccpmin,1
look,3
w,1
wq,1
norm,2
park,1
lp,2
response,1
hit,3
include,2
mcflyall,1
ab,1
sara,1
jorgeshock,1
smithswitch,1
sports,2
fans,1
str,2
txtp,1
europe,1
sept,3
bannfwflyppm,1
fastest,2
growing,2
tariffs,6
stoptxt,4
luxury,2
canary,2
islands,2
maq,1
james,1
ehrr,1
women,1
instantly,1
bcmsfwcnxx,1
burger,2
king,3
footy,1
stadium,1
large,1
super,3
cocacola,1
walk,1
little,3
child,1
afraid,1
dark,1
become,1
teenager,1
wants,1
night,6
bin,1
instant,1
wins,1
freemsgfav,1
tonesreply,1
mobs,1
breathe,1
crazyin,1
sleepingwith,1
finest,1
ymca,1
getzedcouk,1
poboxowwq,1
interflora,2
too,1
late,1
flowers,1
christmas,1
midnight,1
romcapspam,1
everyone,2
responding,1
presence,1
since,2
warm,2
outgoing,1
bringing,1
breath,1
youve,4
freemessage,1
jamsterget,1
crazy,5
frog,1
sound,1
mad,2
sounds,1
reality,2
show,4
porn,4
stopbcm,1
sf,1
pdatenow,1
calloptoutyhl,1
yet,2
package,1
resubmit,1
request,1
expiry,1
youre,2
driving,2
anyone,1
slower,1
than,2
idiot,1
faster,1
maniac,1
calloptoutqf,1
professional,1
tiger,1
woods,1
pt,2
improved,2
msgsp,2
minscall,1
calloptoutjq,1
chrgdp,1
exit,1
unsubscribed,1
tons,1
hunks,1
httpgotbabescouk,1
subscriptions,1
abroad,1
lonely,1
xxsp,1
visionsmscom,2
stopcost,1
being,6
agent,1
loads,1
goodies,1
mat,1
lord,1
ringsreturn,1
nowreply,1
lotr,2
june,1
soundtrack,1
stdtxtrate,1
feb,1
removal,2
classic,1
nokiap,1
polyp,1
lookatme,2
clip,1
better,1
mmsto,1
vat,1
cancel,5
httpwwwetlpcoukreward,1
skilgmetscswinawkageperwksub,1
y,1
deliveredtomorrow,3
minutes,5
fromm,4
hava,1
rct,1
thnq,1
adrian,1
rgds,1
vatian,1
poboxwtgp,2
missed,2
needs,1
lose,1
boxskwpppm,1
msgwe,1
billed,3
mistake,1
shortcode,1
charges,2
refundedthis,1
never,1
much,1
came,1
made,1
truly,3
wont,3
gbpsms,1
deltomorrow,1
begin,1
smartcall,1
subscriptngbpwk,1
landlineonly,1
cameravideo,2
save,3
textsweekend,1
callback,3
orno,1
fink,1
met,1
promised,1
carlie,1
callsminmobsmore,1
lkpoboxhpfl,1
movie,2
films,2
ts,3
wedding,1
lingerie,1
wwwbridalpetticoatdreamscouk,1
superb,1
weddingfriend,1
knickers,1
beg,1
nikiyunet,1
bloomberg,2
center,2
wait,2
httpcareers,2
bloombergcom,2
meetgreet,2
westlife,2
unbreakable,2
untamed,2
unkempt,2
dorothykiefercom,1
bank,2
granite,2
issues,2
strongbuy,2
explosive,2
pick,2
nasdaq,2
symbol,2
cdgt,2
ppmpoboxbhambxe,1
during,1
thurs,2
sat,2
theyre,1
selling,1
fast,1
rock,1
chik,1
filth,1
saristar,1
yt,1
wirenet,1
stterms,1
mobcudb,1
j,1
boxcpm,1
banneduk,1
round,1
highest,1
maximum,1
bids,1
flight,1
wwwrtfsphostingcom,1
believe,2
incredible,2
learn,2
things,2
blow,2
mind,2
ofwd,2
ptxt,2
willing,1
strt,1
ltdhelpdesk,1
tonights,2
recently,2
unable,2
reschedule,2
mytonecomenjoy,1
html,1
mfl,1
wamma,1
laidwant,1
doggin,1
dogs,1
nownyt,1
promotion,1
colourredtextcolourtxtstar,1
wildest,1
tfp,1
class,2
airport,1
lounge,1
passes,1
using,2
booking,1
quote,1
sxy,1
mila,2
blonde,2
mtalk,2
pptxt,2
increments,2
mobstorequizppm,1
funk,2
tonesu,2
twinks,1
scallies,1
skins,1
jocks,1
nat,3
iscoming,2
tnc,2
row,1
blu,2
concert,1
november,1
costmax,1
single,1
nowsend,1
cncl,1
stopcs,1
ringtonefrom,1
httptms,2
widelivecomindex,2
wmlidbaeceffffirsttruejul,1
oh,1
god,1
ive,1
found,1
glad,1
xafter,1
cst,1
chg,1
picture,1
httpaltocoukwavewaveaspo,1
calloptouthf,1
xxxxx,1
freeringtone,1
pushbutton,1
dontcha,1
babygoodbye,1
golddigger,1
webeburnin,1
gnarls,1
barkleys,1
totally,1
secured,1
unsecured,1
picked,4
calloptout,2
ringtoneking,1
housewives,2
btnational,2
landlines,2
receiving,2
triple,1
echo,1
dial,1
xyour,1
accessible,1
la,2
poboxldns,1
tbspersolvo,1
chasing,1
definitely,1
paying,1
ignore,1
them,2
kath,1
manchester,1
loans,1
bad,1
noworriesloanscom,1
season,1
wks,3
goals,1
villa,1
brings,1
heroes,1
tips,1
gsoh,1
spam,1
ladiesu,1
gigolo,1
mens,1
oncall,1
mjzgroup,1
ukp,1
spjanuary,1
simpsons,1
released,1
band,1
died,1
film,2
agreen,1
bblue,1
cred,1
amanda,1
regard,1
renewing,1
upgrading,1
current,2
tel,1
subject,1
httpwwwwtlpcouktext,1
spanish,2
ez,1
cmon,1
turn,1
sticky,1
replies,1
prizeawaiting,1
called,1
left,1
indicate,2
accident,2
colours,1
normal,1
gprs,1
accordingly,1
repeat,1
block,1
breaker,1
deluxe,1
format,1
features,1
graphics,1
bbdeluxe,1
challenge,1
dayfind,2
natalja,2
wwwsmsacunat,2
kit,1
strip,1
ig,1
oja,1
thesmszonecom,1
anonymous,1
masked,1
messagesim,1
sending,2
theredo,1
potential,1
abuse,1
polyh,2
shy,1
complete,1
landmark,1
bob,1
barry,1
ben,1
tonexs,1
renewed,1
wwwclubzedcouk,1
billing,1
another,2
polo,2
suite,2
wj,2
busy,2
recpt,1
processed,1
subscribers,1
headset,1
adp,1
floppy,1
snappy,1
happy,1
ukmobiledate,1
giving,1
mgs,1
explicit,2
secs,2
proze,1
norcorp,1
ltdmtmsgrcvd,1
items,1
cfcaa,1
wining,1
wot,1
cock,1
hubbys,1
man,1
wife,1
strings,1
rec,1
ea,1
otbox,1
ws,1
sexiest,1
dirtiest,1
chatim,1
utxt,1
laugh,1
chitchat,1
logon,1
zf,1
tcsbcmwcnxxcallcostppmmobilesvary,1
mnths,2
stopsmsppm,1
subscribegbpmnth,2
stoptxtstop,2
recorder,1
canname,1
capital,1
australia,1
mquiz,1
ripped,1
wwwclubmobycom,1
polytruepixringtonesgames,1
randomly,2
loyal,2
customers,2
chloe,1
smashed,1
missing,1
ptext,1
rayman,1
golf,1
activ,1
key,1
termsapply,1
same,1
minstexts,1
coolmob,1
frogaxel,1
akonlonely,1
black,1
eyeddont,1
cashbincouk,1
wwwcashbincouk,1
continued,1
support,2
president,1
santa,4
ones,2
callsppm,1
wwwsantacallingcom,1
videos,1
smsshsexnetun,1
fgkslpopw,1
fgkslpo,1
messagethanks,1
pmsgrcvd,1
skip,1
customercare,1
lyricalladief,1
wwwsmsacuhmmross,1
ou,1
sn,1
nr,1
zs,1
pw,1
warner,2
village,2
colin,1
farrell,1
swat,1
wkend,1
popcornjust,1
msgticketkioskvalid,1
kiosk,1
mre,1
goal,2
henry,2
scores,1
simple,1
shot,1
yards,1
bergkamp,1
margin,1
sexychat,1
amy,1
couple,1
parties,1
select,1
added,2
benefits,1
trained,1
advisors,1
dialling,1
meal,1
dining,1
experiencehttpwwwvouchmecometlpdiningasp,1
donate,2
unicefs,1
asian,1
tsunami,1
disaster,1
fund,1
texting,1
goldviking,1
his,1
wwwsmsacugoldviking,1
phony,1
xxxx,1
freeentry,1
xt,1
pmeg,1
codexx,1
deepest,1
darkest,1
natalie,1
wwwsmsacunataliek,1
wallpaper,2
accommodationvouchers,1
mustprovide,1
winawk,1
perweeksub,1
themobhit,1
pink,1
panther,1
sugababes,1
zebra,1
animation,1
badass,1
hoody,1
wallpaperall,1
resent,1
previous,1
failed,1
due,2
error,1
queries,1
customersqueriesnetvisionukcom,1
vco,1
ve,2
garden,2
bulbs,2
seeds,2
scotsman,2
notxtcouk,2
ree,1
maybe,2
compensation,1
wwwtelediscountcouk,1
someonone,1
mxy,2
wwwldewcomwinppmxagesubscription,1
textcomp,1
follows,1
subsequent,1
chargedpmsg,1
erotic,1
ecstacy,1
dept,1
datingi,1
two,1
started,1
radio,1
connection,1
coincidence,1
leading,1
pause,1
grprizes,1
psp,1
wktxt,1
httpwwwgrprizescom,1
legitimat,1
efreefone,1
wat,1
police,1
station,1
toilet,1
stolen,1
cops,1
sparkling,1
breaks,1
person,1
wwwshortbreaksorguk,1
wwwgambtv,1
wmlidadafirsttruec,1
planettalkinstantcom,1
marvel,1
ultimate,1
spiderman,1
spider,1
ll,1
ball,1
gsex,1
wcn,1
chatlines,1
inclu,1
india,1
servs,1
sed,1
ler,1
mega,1
giv,1
shit,1
bailiff,1
house,1
